Tech,Geo class,Depth,Year,Cap cost 1000$/MW,Fixed O&M 1000$/MW-yr,Var O&M $/MWh
egs,1,allkm,2010,7416.28505,167.7824276,0
egs,2,allkm,2010,8367.965062,186.985674,0
egs,3,allkm,2010,8663.032186,198.1618809,0
egs,4,allkm,2010,8985.842661,210.8786507,0
egs,5,allkm,2010,10292.38684,239.2451333,0
egs,6,allkm,2010,12157.73273,280.097519,0
egs,7,allkm,2010,12696.49616,270.972801,0
egs,8,allkm,2010,15960.79472,341.9453237,0
egs,9,allkm,2010,20939.48225,453.5118676,0
egs,10,allkm,2010,27632.55876,605.6724327,0
egs,1,nearfield,2010,4452.910091,139.0086162,0
egs,2,nearfield,2010,4465.16267,142.2101749,0
egs,3,nearfield,2010,5274.162737,159.6713458,0
egs,4,nearfield,2010,5301.968948,168.8906748,0
egs,5,nearfield,2010,5316.032864,174.3002891,0
egs,6,nearfield,2010,6309.112235,210.6589352,0
egs,7,nearfield,2010,8613.777852,248.1151974,0
egs,8,nearfield,2010,9502.692277,274.0385509,0
egs,9,nearfield,2010,11997.6219,337.2703015,0
egs,10,nearfield,2010,16098.56673,401.1794697,0
geohydro,1,allkm,2010,2499.264602,99.83507234,0
geohydro,2,allkm,2010,3118.238669,114.4237919,0
geohydro,3,allkm,2010,3441.810219,122.5689699,0
geohydro,4,allkm,2010,3875.642041,133.248792,0
geohydro,5,allkm,2010,3777.828469,135.1736429,0
geohydro,6,allkm,2010,4694.486163,161.912221,0
geohydro,7,allkm,2010,5458.580885,187.4383816,0
geohydro,8,allkm,2010,6889.457501,232.3511065,0
geohydro,9,allkm,2010,9723.564835,302.9097727,0
geohydro,10,allkm,2010,17837.68682,515.3854381,0
egs,1,allkm,2011,7416.28505,167.7824276,0
egs,2,allkm,2011,8367.965062,186.985674,0
egs,3,allkm,2011,8663.032186,198.1618809,0
egs,4,allkm,2011,8985.842661,210.8786507,0
egs,5,allkm,2011,10292.38684,239.2451333,0
egs,6,allkm,2011,12157.73273,280.097519,0
egs,7,allkm,2011,12696.49616,270.972801,0
egs,8,allkm,2011,15960.79472,341.9453237,0
egs,9,allkm,2011,20939.48225,453.5118676,0
egs,10,allkm,2011,27632.55876,605.6724327,0
egs,1,nearfield,2011,4452.910091,139.0086162,0
egs,2,nearfield,2011,4465.16267,142.2101749,0
egs,3,nearfield,2011,5274.162737,159.6713458,0
egs,4,nearfield,2011,5301.968948,168.8906748,0
egs,5,nearfield,2011,5316.032864,174.3002891,0
egs,6,nearfield,2011,6309.112235,210.6589352,0
egs,7,nearfield,2011,8613.777852,248.1151974,0
egs,8,nearfield,2011,9502.692277,274.0385509,0
egs,9,nearfield,2011,11997.6219,337.2703015,0
egs,10,nearfield,2011,16098.56673,401.1794697,0
geohydro,1,allkm,2011,2499.264602,99.83507234,0
geohydro,2,allkm,2011,3118.238669,114.4237919,0
geohydro,3,allkm,2011,3441.810219,122.5689699,0
geohydro,4,allkm,2011,3875.642041,133.248792,0
geohydro,5,allkm,2011,3777.828469,135.1736429,0
geohydro,6,allkm,2011,4694.486163,161.912221,0
geohydro,7,allkm,2011,5458.580885,187.4383816,0
geohydro,8,allkm,2011,6889.457501,232.3511065,0
geohydro,9,allkm,2011,9723.564835,302.9097727,0
geohydro,10,allkm,2011,17837.68682,515.3854381,0
egs,1,allkm,2012,7416.28505,167.7824276,0
egs,2,allkm,2012,8367.965062,186.985674,0
egs,3,allkm,2012,8663.032186,198.1618809,0
egs,4,allkm,2012,8985.842661,210.8786507,0
egs,5,allkm,2012,10292.38684,239.2451333,0
egs,6,allkm,2012,12157.73273,280.097519,0
egs,7,allkm,2012,12696.49616,270.972801,0
egs,8,allkm,2012,15960.79472,341.9453237,0
egs,9,allkm,2012,20939.48225,453.5118676,0
egs,10,allkm,2012,27632.55876,605.6724327,0
egs,1,nearfield,2012,4452.910091,139.0086162,0
egs,2,nearfield,2012,4465.16267,142.2101749,0
egs,3,nearfield,2012,5274.162737,159.6713458,0
egs,4,nearfield,2012,5301.968948,168.8906748,0
egs,5,nearfield,2012,5316.032864,174.3002891,0
egs,6,nearfield,2012,6309.112235,210.6589352,0
egs,7,nearfield,2012,8613.777852,248.1151974,0
egs,8,nearfield,2012,9502.692277,274.0385509,0
egs,9,nearfield,2012,11997.6219,337.2703015,0
egs,10,nearfield,2012,16098.56673,401.1794697,0
geohydro,1,allkm,2012,2499.264602,99.83507234,0
geohydro,2,allkm,2012,3118.238669,114.4237919,0
geohydro,3,allkm,2012,3441.810219,122.5689699,0
geohydro,4,allkm,2012,3875.642041,133.248792,0
geohydro,5,allkm,2012,3777.828469,135.1736429,0
geohydro,6,allkm,2012,4694.486163,161.912221,0
geohydro,7,allkm,2012,5458.580885,187.4383816,0
geohydro,8,allkm,2012,6889.457501,232.3511065,0
geohydro,9,allkm,2012,9723.564835,302.9097727,0
geohydro,10,allkm,2012,17837.68682,515.3854381,0
egs,1,allkm,2013,7416.28505,167.7824276,0
egs,2,allkm,2013,8367.965062,186.985674,0
egs,3,allkm,2013,8663.032186,198.1618809,0
egs,4,allkm,2013,8985.842661,210.8786507,0
egs,5,allkm,2013,10292.38684,239.2451333,0
egs,6,allkm,2013,12157.73273,280.097519,0
egs,7,allkm,2013,12696.49616,270.972801,0
egs,8,allkm,2013,15960.79472,341.9453237,0
egs,9,allkm,2013,20939.48225,453.5118676,0
egs,10,allkm,2013,27632.55876,605.6724327,0
egs,1,nearfield,2013,4452.910091,139.0086162,0
egs,2,nearfield,2013,4465.16267,142.2101749,0
egs,3,nearfield,2013,5274.162737,159.6713458,0
egs,4,nearfield,2013,5301.968948,168.8906748,0
egs,5,nearfield,2013,5316.032864,174.3002891,0
egs,6,nearfield,2013,6309.112235,210.6589352,0
egs,7,nearfield,2013,8613.777852,248.1151974,0
egs,8,nearfield,2013,9502.692277,274.0385509,0
egs,9,nearfield,2013,11997.6219,337.2703015,0
egs,10,nearfield,2013,16098.56673,401.1794697,0
geohydro,1,allkm,2013,2499.264602,99.83507234,0
geohydro,2,allkm,2013,3118.238669,114.4237919,0
geohydro,3,allkm,2013,3441.810219,122.5689699,0
geohydro,4,allkm,2013,3875.642041,133.248792,0
geohydro,5,allkm,2013,3777.828469,135.1736429,0
geohydro,6,allkm,2013,4694.486163,161.912221,0
geohydro,7,allkm,2013,5458.580885,187.4383816,0
geohydro,8,allkm,2013,6889.457501,232.3511065,0
geohydro,9,allkm,2013,9723.564835,302.9097727,0
geohydro,10,allkm,2013,17837.68682,515.3854381,0
egs,1,allkm,2014,7416.28505,167.7824276,0
egs,2,allkm,2014,8367.965062,186.985674,0
egs,3,allkm,2014,8663.032186,198.1618809,0
egs,4,allkm,2014,8985.842661,210.8786507,0
egs,5,allkm,2014,10292.38684,239.2451333,0
egs,6,allkm,2014,12157.73273,280.097519,0
egs,7,allkm,2014,12696.49616,270.972801,0
egs,8,allkm,2014,15960.79472,341.9453237,0
egs,9,allkm,2014,20939.48225,453.5118676,0
egs,10,allkm,2014,27632.55876,605.6724327,0
egs,1,nearfield,2014,4452.910091,139.0086162,0
egs,2,nearfield,2014,4465.16267,142.2101749,0
egs,3,nearfield,2014,5274.162737,159.6713458,0
egs,4,nearfield,2014,5301.968948,168.8906748,0
egs,5,nearfield,2014,5316.032864,174.3002891,0
egs,6,nearfield,2014,6309.112235,210.6589352,0
egs,7,nearfield,2014,8613.777852,248.1151974,0
egs,8,nearfield,2014,9502.692277,274.0385509,0
egs,9,nearfield,2014,11997.6219,337.2703015,0
egs,10,nearfield,2014,16098.56673,401.1794697,0
geohydro,1,allkm,2014,2499.264602,99.83507234,0
geohydro,2,allkm,2014,3118.238669,114.4237919,0
geohydro,3,allkm,2014,3441.810219,122.5689699,0
geohydro,4,allkm,2014,3875.642041,133.248792,0
geohydro,5,allkm,2014,3777.828469,135.1736429,0
geohydro,6,allkm,2014,4694.486163,161.912221,0
geohydro,7,allkm,2014,5458.580885,187.4383816,0
geohydro,8,allkm,2014,6889.457501,232.3511065,0
geohydro,9,allkm,2014,9723.564835,302.9097727,0
geohydro,10,allkm,2014,17837.68682,515.3854381,0
egs,1,allkm,2015,7416.28505,167.7824276,0
egs,2,allkm,2015,8367.965062,186.985674,0
egs,3,allkm,2015,8663.032186,198.1618809,0
egs,4,allkm,2015,8985.842661,210.8786507,0
egs,5,allkm,2015,10292.38684,239.2451333,0
egs,6,allkm,2015,12157.73273,280.097519,0
egs,7,allkm,2015,12696.49616,270.972801,0
egs,8,allkm,2015,15960.79472,341.9453237,0
egs,9,allkm,2015,20939.48225,453.5118676,0
egs,10,allkm,2015,27632.55876,605.6724327,0
egs,1,nearfield,2015,4452.910091,139.0086162,0
egs,2,nearfield,2015,4465.16267,142.2101749,0
egs,3,nearfield,2015,5274.162737,159.6713458,0
egs,4,nearfield,2015,5301.968948,168.8906748,0
egs,5,nearfield,2015,5316.032864,174.3002891,0
egs,6,nearfield,2015,6309.112235,210.6589352,0
egs,7,nearfield,2015,8613.777852,248.1151974,0
egs,8,nearfield,2015,9502.692277,274.0385509,0
egs,9,nearfield,2015,11997.6219,337.2703015,0
egs,10,nearfield,2015,16098.56673,401.1794697,0
geohydro,1,allkm,2015,2499.264602,99.83507234,0
geohydro,2,allkm,2015,3118.238669,114.4237919,0
geohydro,3,allkm,2015,3441.810219,122.5689699,0
geohydro,4,allkm,2015,3875.642041,133.248792,0
geohydro,5,allkm,2015,3777.828469,135.1736429,0
geohydro,6,allkm,2015,4694.486163,161.912221,0
geohydro,7,allkm,2015,5458.580885,187.4383816,0
geohydro,8,allkm,2015,6889.457501,232.3511065,0
geohydro,9,allkm,2015,9723.564835,302.9097727,0
geohydro,10,allkm,2015,17837.68682,515.3854381,0
egs,1,allkm,2016,7416.28505,167.7824276,0
egs,2,allkm,2016,8367.965062,186.985674,0
egs,3,allkm,2016,8663.032186,198.1618809,0
egs,4,allkm,2016,8985.842661,210.8786507,0
egs,5,allkm,2016,10292.38684,239.2451333,0
egs,6,allkm,2016,12157.73273,280.097519,0
egs,7,allkm,2016,12696.49616,270.972801,0
egs,8,allkm,2016,15960.79472,341.9453237,0
egs,9,allkm,2016,20939.48225,453.5118676,0
egs,10,allkm,2016,27632.55876,605.6724327,0
egs,1,nearfield,2016,4452.910091,139.0086162,0
egs,2,nearfield,2016,4465.16267,142.2101749,0
egs,3,nearfield,2016,5274.162737,159.6713458,0
egs,4,nearfield,2016,5301.968948,168.8906748,0
egs,5,nearfield,2016,5316.032864,174.3002891,0
egs,6,nearfield,2016,6309.112235,210.6589352,0
egs,7,nearfield,2016,8613.777852,248.1151974,0
egs,8,nearfield,2016,9502.692277,274.0385509,0
egs,9,nearfield,2016,11997.6219,337.2703015,0
egs,10,nearfield,2016,16098.56673,401.1794697,0
geohydro,1,allkm,2016,2499.264602,99.83507234,0
geohydro,2,allkm,2016,3118.238669,114.4237919,0
geohydro,3,allkm,2016,3441.810219,122.5689699,0
geohydro,4,allkm,2016,3875.642041,133.248792,0
geohydro,5,allkm,2016,3777.828469,135.1736429,0
geohydro,6,allkm,2016,4694.486163,161.912221,0
geohydro,7,allkm,2016,5458.580885,187.4383816,0
geohydro,8,allkm,2016,6889.457501,232.3511065,0
geohydro,9,allkm,2016,9723.564835,302.9097727,0
geohydro,10,allkm,2016,17837.68682,515.3854381,0
egs,1,allkm,2017,7416.28505,167.7824276,0
egs,2,allkm,2017,8367.965062,186.985674,0
egs,3,allkm,2017,8663.032186,198.1618809,0
egs,4,allkm,2017,8985.842661,210.8786507,0
egs,5,allkm,2017,10292.38684,239.2451333,0
egs,6,allkm,2017,12157.73273,280.097519,0
egs,7,allkm,2017,12696.49616,270.972801,0
egs,8,allkm,2017,15960.79472,341.9453237,0
egs,9,allkm,2017,20939.48225,453.5118676,0
egs,10,allkm,2017,27632.55876,605.6724327,0
egs,1,nearfield,2017,4452.910091,139.0086162,0
egs,2,nearfield,2017,4465.16267,142.2101749,0
egs,3,nearfield,2017,5274.162737,159.6713458,0
egs,4,nearfield,2017,5301.968948,168.8906748,0
egs,5,nearfield,2017,5316.032864,174.3002891,0
egs,6,nearfield,2017,6309.112235,210.6589352,0
egs,7,nearfield,2017,8613.777852,248.1151974,0
egs,8,nearfield,2017,9502.692277,274.0385509,0
egs,9,nearfield,2017,11997.6219,337.2703015,0
egs,10,nearfield,2017,16098.56673,401.1794697,0
geohydro,1,allkm,2017,2499.264602,99.83507234,0
geohydro,2,allkm,2017,3118.238669,114.4237919,0
geohydro,3,allkm,2017,3441.810219,122.5689699,0
geohydro,4,allkm,2017,3875.642041,133.248792,0
geohydro,5,allkm,2017,3777.828469,135.1736429,0
geohydro,6,allkm,2017,4694.486163,161.912221,0
geohydro,7,allkm,2017,5458.580885,187.4383816,0
geohydro,8,allkm,2017,6889.457501,232.3511065,0
geohydro,9,allkm,2017,9723.564835,302.9097727,0
geohydro,10,allkm,2017,17837.68682,515.3854381,0
egs,1,allkm,2018,7416.28505,167.7824276,0
egs,2,allkm,2018,8367.965062,186.985674,0
egs,3,allkm,2018,8663.032186,198.1618809,0
egs,4,allkm,2018,8985.842661,210.8786507,0
egs,5,allkm,2018,10292.38684,239.2451333,0
egs,6,allkm,2018,12157.73273,280.097519,0
egs,7,allkm,2018,12696.49616,270.972801,0
egs,8,allkm,2018,15960.79472,341.9453237,0
egs,9,allkm,2018,20939.48225,453.5118676,0
egs,10,allkm,2018,27632.55876,605.6724327,0
egs,1,nearfield,2018,4452.910091,139.0086162,0
egs,2,nearfield,2018,4465.16267,142.2101749,0
egs,3,nearfield,2018,5274.162737,159.6713458,0
egs,4,nearfield,2018,5301.968948,168.8906748,0
egs,5,nearfield,2018,5316.032864,174.3002891,0
egs,6,nearfield,2018,6309.112235,210.6589352,0
egs,7,nearfield,2018,8613.777852,248.1151974,0
egs,8,nearfield,2018,9502.692277,274.0385509,0
egs,9,nearfield,2018,11997.6219,337.2703015,0
egs,10,nearfield,2018,16098.56673,401.1794697,0
geohydro,1,allkm,2018,2499.264602,99.83507234,0
geohydro,2,allkm,2018,3118.238669,114.4237919,0
geohydro,3,allkm,2018,3441.810219,122.5689699,0
geohydro,4,allkm,2018,3875.642041,133.248792,0
geohydro,5,allkm,2018,3777.828469,135.1736429,0
geohydro,6,allkm,2018,4694.486163,161.912221,0
geohydro,7,allkm,2018,5458.580885,187.4383816,0
geohydro,8,allkm,2018,6889.457501,232.3511065,0
geohydro,9,allkm,2018,9723.564835,302.9097727,0
geohydro,10,allkm,2018,17837.68682,515.3854381,0
egs,1,allkm,2019,7416.28505,167.7824276,0
egs,2,allkm,2019,8367.965062,186.985674,0
egs,3,allkm,2019,8663.032186,198.1618809,0
egs,4,allkm,2019,8985.842661,210.8786507,0
egs,5,allkm,2019,10292.38684,239.2451333,0
egs,6,allkm,2019,12157.73273,280.097519,0
egs,7,allkm,2019,12696.49616,270.972801,0
egs,8,allkm,2019,15960.79472,341.9453237,0
egs,9,allkm,2019,20939.48225,453.5118676,0
egs,10,allkm,2019,27632.55876,605.6724327,0
egs,1,nearfield,2019,4452.910091,139.0086162,0
egs,2,nearfield,2019,4465.16267,142.2101749,0
egs,3,nearfield,2019,5274.162737,159.6713458,0
egs,4,nearfield,2019,5301.968948,168.8906748,0
egs,5,nearfield,2019,5316.032864,174.3002891,0
egs,6,nearfield,2019,6309.112235,210.6589352,0
egs,7,nearfield,2019,8613.777852,248.1151974,0
egs,8,nearfield,2019,9502.692277,274.0385509,0
egs,9,nearfield,2019,11997.6219,337.2703015,0
egs,10,nearfield,2019,16098.56673,401.1794697,0
geohydro,1,allkm,2019,2499.264602,99.83507234,0
geohydro,2,allkm,2019,3118.238669,114.4237919,0
geohydro,3,allkm,2019,3441.810219,122.5689699,0
geohydro,4,allkm,2019,3875.642041,133.248792,0
geohydro,5,allkm,2019,3777.828469,135.1736429,0
geohydro,6,allkm,2019,4694.486163,161.912221,0
geohydro,7,allkm,2019,5458.580885,187.4383816,0
geohydro,8,allkm,2019,6889.457501,232.3511065,0
geohydro,9,allkm,2019,9723.564835,302.9097727,0
geohydro,10,allkm,2019,17837.68682,515.3854381,0
egs,1,allkm,2020,7416.28505,167.7824276,0
egs,2,allkm,2020,8367.965062,186.985674,0
egs,3,allkm,2020,8663.032186,198.1618809,0
egs,4,allkm,2020,8985.842661,210.8786507,0
egs,5,allkm,2020,10292.38684,239.2451333,0
egs,6,allkm,2020,12157.73273,280.097519,0
egs,7,allkm,2020,12696.49616,270.972801,0
egs,8,allkm,2020,15960.79472,341.9453237,0
egs,9,allkm,2020,20939.48225,453.5118676,0
egs,10,allkm,2020,27632.55876,605.6724327,0
egs,1,nearfield,2020,4452.910091,139.0086162,0
egs,2,nearfield,2020,4465.16267,142.2101749,0
egs,3,nearfield,2020,5274.162737,159.6713458,0
egs,4,nearfield,2020,5301.968948,168.8906748,0
egs,5,nearfield,2020,5316.032864,174.3002891,0
egs,6,nearfield,2020,6309.112235,210.6589352,0
egs,7,nearfield,2020,8613.777852,248.1151974,0
egs,8,nearfield,2020,9502.692277,274.0385509,0
egs,9,nearfield,2020,11997.6219,337.2703015,0
egs,10,nearfield,2020,16098.56673,401.1794697,0
geohydro,1,allkm,2020,2499.264602,99.83507234,0
geohydro,2,allkm,2020,3118.238669,114.4237919,0
geohydro,3,allkm,2020,3441.810219,122.5689699,0
geohydro,4,allkm,2020,3875.642041,133.248792,0
geohydro,5,allkm,2020,3777.828469,135.1736429,0
geohydro,6,allkm,2020,4694.486163,161.912221,0
geohydro,7,allkm,2020,5458.580885,187.4383816,0
geohydro,8,allkm,2020,6889.457501,232.3511065,0
geohydro,9,allkm,2020,9723.564835,302.9097727,0
geohydro,10,allkm,2020,17837.68682,515.3854381,0
egs,1,allkm,2021,7416.28505,167.7824276,0
egs,2,allkm,2021,8367.965062,186.985674,0
egs,3,allkm,2021,8663.032186,198.1618809,0
egs,4,allkm,2021,8985.842661,210.8786507,0
egs,5,allkm,2021,10292.38684,239.2451333,0
egs,6,allkm,2021,12157.73273,280.097519,0
egs,7,allkm,2021,12696.49616,270.972801,0
egs,8,allkm,2021,15960.79472,341.9453237,0
egs,9,allkm,2021,20939.48225,453.5118676,0
egs,10,allkm,2021,27632.55876,605.6724327,0
egs,1,nearfield,2021,4452.910091,139.0086162,0
egs,2,nearfield,2021,4465.16267,142.2101749,0
egs,3,nearfield,2021,5274.162737,159.6713458,0
egs,4,nearfield,2021,5301.968948,168.8906748,0
egs,5,nearfield,2021,5316.032864,174.3002891,0
egs,6,nearfield,2021,6309.112235,210.6589352,0
egs,7,nearfield,2021,8613.777852,248.1151974,0
egs,8,nearfield,2021,9502.692277,274.0385509,0
egs,9,nearfield,2021,11997.6219,337.2703015,0
egs,10,nearfield,2021,16098.56673,401.1794697,0
geohydro,1,allkm,2021,2499.264602,99.83507234,0
geohydro,2,allkm,2021,3118.238669,114.4237919,0
geohydro,3,allkm,2021,3441.810219,122.5689699,0
geohydro,4,allkm,2021,3875.642041,133.248792,0
geohydro,5,allkm,2021,3777.828469,135.1736429,0
geohydro,6,allkm,2021,4694.486163,161.912221,0
geohydro,7,allkm,2021,5458.580885,187.4383816,0
geohydro,8,allkm,2021,6889.457501,232.3511065,0
geohydro,9,allkm,2021,9723.564835,302.9097727,0
geohydro,10,allkm,2021,17837.68682,515.3854381,0
egs,1,allkm,2022,7416.28505,167.7824276,0
egs,2,allkm,2022,8367.965062,186.985674,0
egs,3,allkm,2022,8663.032186,198.1618809,0
egs,4,allkm,2022,8985.842661,210.8786507,0
egs,5,allkm,2022,10292.38684,239.2451333,0
egs,6,allkm,2022,12157.73273,280.097519,0
egs,7,allkm,2022,12696.49616,270.972801,0
egs,8,allkm,2022,15960.79472,341.9453237,0
egs,9,allkm,2022,20939.48225,453.5118676,0
egs,10,allkm,2022,27632.55876,605.6724327,0
egs,1,nearfield,2022,4452.910091,139.0086162,0
egs,2,nearfield,2022,4465.16267,142.2101749,0
egs,3,nearfield,2022,5274.162737,159.6713458,0
egs,4,nearfield,2022,5301.968948,168.8906748,0
egs,5,nearfield,2022,5316.032864,174.3002891,0
egs,6,nearfield,2022,6309.112235,210.6589352,0
egs,7,nearfield,2022,8613.777852,248.1151974,0
egs,8,nearfield,2022,9502.692277,274.0385509,0
egs,9,nearfield,2022,11997.6219,337.2703015,0
egs,10,nearfield,2022,16098.56673,401.1794697,0
geohydro,1,allkm,2022,2499.264602,99.83507234,0
geohydro,2,allkm,2022,3118.238669,114.4237919,0
geohydro,3,allkm,2022,3441.810219,122.5689699,0
geohydro,4,allkm,2022,3875.642041,133.248792,0
geohydro,5,allkm,2022,3777.828469,135.1736429,0
geohydro,6,allkm,2022,4694.486163,161.912221,0
geohydro,7,allkm,2022,5458.580885,187.4383816,0
geohydro,8,allkm,2022,6889.457501,232.3511065,0
geohydro,9,allkm,2022,9723.564835,302.9097727,0
geohydro,10,allkm,2022,17837.68682,515.3854381,0
egs,1,allkm,2023,7416.28505,167.7824276,0
egs,2,allkm,2023,8367.965062,186.985674,0
egs,3,allkm,2023,8663.032186,198.1618809,0
egs,4,allkm,2023,8985.842661,210.8786507,0
egs,5,allkm,2023,10292.38684,239.2451333,0
egs,6,allkm,2023,12157.73273,280.097519,0
egs,7,allkm,2023,12696.49616,270.972801,0
egs,8,allkm,2023,15960.79472,341.9453237,0
egs,9,allkm,2023,20939.48225,453.5118676,0
egs,10,allkm,2023,27632.55876,605.6724327,0
egs,1,nearfield,2023,4452.910091,139.0086162,0
egs,2,nearfield,2023,4465.16267,142.2101749,0
egs,3,nearfield,2023,5274.162737,159.6713458,0
egs,4,nearfield,2023,5301.968948,168.8906748,0
egs,5,nearfield,2023,5316.032864,174.3002891,0
egs,6,nearfield,2023,6309.112235,210.6589352,0
egs,7,nearfield,2023,8613.777852,248.1151974,0
egs,8,nearfield,2023,9502.692277,274.0385509,0
egs,9,nearfield,2023,11997.6219,337.2703015,0
egs,10,nearfield,2023,16098.56673,401.1794697,0
geohydro,1,allkm,2023,2499.264602,99.83507234,0
geohydro,2,allkm,2023,3118.238669,114.4237919,0
geohydro,3,allkm,2023,3441.810219,122.5689699,0
geohydro,4,allkm,2023,3875.642041,133.248792,0
geohydro,5,allkm,2023,3777.828469,135.1736429,0
geohydro,6,allkm,2023,4694.486163,161.912221,0
geohydro,7,allkm,2023,5458.580885,187.4383816,0
geohydro,8,allkm,2023,6889.457501,232.3511065,0
geohydro,9,allkm,2023,9723.564835,302.9097727,0
geohydro,10,allkm,2023,17837.68682,515.3854381,0
egs,1,allkm,2024,6380.392584,161.8083827,0
egs,2,allkm,2024,7195.012731,180.1103461,0
egs,3,allkm,2024,7480.901337,191.0595491,0
egs,4,allkm,2024,7798.849583,203.5806335,0
egs,5,allkm,2024,8935.016909,230.8236272,0
egs,6,allkm,2024,10559.9027,270.0867266,0
egs,7,allkm,2024,10972.69925,259.4385458,0
egs,8,allkm,2024,13773.18447,326.5342197,0
egs,9,allkm,2024,18083.16352,432.7600967,0
egs,10,allkm,2024,23902.63639,578.1161767,0
egs,1,nearfield,2024,4080.588844,135.3202716,0
egs,2,nearfield,2024,4108.456352,138.6067571,0
egs,3,nearfield,2024,4834.255712,155.386248,0
egs,4,nearfield,2024,4910.999298,164.9147441,0
egs,5,nearfield,2024,4954.411638,170.5305707,0
egs,6,nearfield,2024,5928.762161,206.5783832,0
egs,7,nearfield,2024,7892.1848,240.0957656,0
egs,8,nearfield,2024,8715.370456,265.1534359,0
egs,9,nearfield,2024,10987.39026,325.9694518,0
egs,10,nearfield,2024,14708.24421,389.3802701,0
geohydro,1,allkm,2024,2470.866062,99.35925424,0
geohydro,2,allkm,2024,3059.083255,113.6236812,0
geohydro,3,allkm,2024,3370.733672,121.6472616,0
geohydro,4,allkm,2024,3783.261337,132.0705084,0
geohydro,5,allkm,2024,3712.555892,134.2982613,0
geohydro,6,allkm,2024,4610.480555,160.812229,0
geohydro,7,allkm,2024,5296.398439,183.9860639,0
geohydro,8,allkm,2024,6643.689327,227.0513257,0
geohydro,9,allkm,2024,9286.378025,294.4639156,0
geohydro,10,allkm,2024,16775.13402,496.4939223,0
egs,1,allkm,2025,5586.542743,155.8343378,0
egs,2,allkm,2025,6296.127902,173.2350182,0
egs,3,allkm,2025,6574.982608,183.9572173,0
egs,4,allkm,2025,6889.204714,196.2826163,0
egs,5,allkm,2025,7894.804781,222.4021212,0
egs,6,allkm,2025,9335.41545,260.0759342,0
egs,7,allkm,2025,9675.13773,247.9042906,0
egs,8,allkm,2025,12126.49462,311.1231157,0
egs,9,allkm,2025,15933.11368,412.0083257,0
egs,10,allkm,2025,21094.99489,550.5599207,0
egs,1,nearfield,2025,3766.465794,131.631927,0
egs,2,nearfield,2025,3807.507434,135.0033393,0
egs,3,nearfield,2025,4463.111338,151.1011502,0
egs,4,nearfield,2025,4581.14281,160.9388135,0
egs,5,nearfield,2025,4649.316069,166.7608523,0
egs,6,nearfield,2025,5607.865284,202.4978312,0
egs,7,nearfield,2025,7303.464877,232.0763337,0
egs,8,nearfield,2025,8073.024969,256.2683209,0
egs,9,nearfield,2025,10163.18125,314.6686021,0
egs,10,nearfield,2025,13573.93373,377.5810704,0
geohydro,1,allkm,2025,2444.348434,98.88343615,0
geohydro,2,allkm,2025,3003.845865,112.8235705,0
geohydro,3,allkm,2025,3304.364718,120.7255532,0
geohydro,4,allkm,2025,3696.999256,130.8922247,0
geohydro,5,allkm,2025,3651.606494,133.4228797,0
geohydro,6,allkm,2025,4532.038865,159.7122371,0
geohydro,7,allkm,2025,5149.479508,180.5337462,0
geohydro,8,allkm,2025,6421.05119,221.7515449,0
geohydro,9,allkm,2025,8890.33628,286.0180584,0
geohydro,10,allkm,2025,15812.58149,477.6024066,0
egs,1,allkm,2026,4954.779162,149.8602929,0
egs,2,allkm,2026,5580.775112,166.3596903,0
egs,3,allkm,2026,5854.032082,176.8548855,0
egs,4,allkm,2026,6165.288843,188.9845991,0
egs,5,allkm,2026,7066.980544,213.9806151,0
egs,6,allkm,2026,8360.940921,250.0651418,0
egs,7,allkm,2026,8655.885696,236.3700354,0
egs,8,allkm,2026,10832.99759,295.7120117,0
egs,9,allkm,2026,14244.22059,391.2565548,0
egs,10,allkm,2026,18889.55471,523.0036647,0
egs,1,nearfield,2026,3497.123446,127.9435824,0
egs,2,nearfield,2026,3549.461142,131.3999215,0
egs,3,nearfield,2026,4144.876502,146.8160524,0
egs,4,nearfield,2026,4298.309949,156.9628828,0
egs,5,nearfield,2026,4387.714265,162.9911339,0
egs,6,nearfield,2026,5332.714771,198.4172792,0
egs,7,nearfield,2026,6812.084176,224.0569019,0
egs,8,nearfield,2026,7536.885178,247.3832059,0
egs,9,nearfield,2026,9475.247339,303.3677525,0
egs,10,nearfield,2026,12627.17066,365.7818707,0
geohydro,1,allkm,2026,2419.51354,98.40761806,0
geohydro,2,allkm,2026,2952.113681,112.0234598,0
geohydro,3,allkm,2026,3242.207349,119.8038449,0
geohydro,4,allkm,2026,3616.211122,129.713941,0
geohydro,5,allkm,2026,3594.524771,132.5474981,0
geohydro,6,allkm,2026,4458.574862,158.6122451,0
geohydro,7,allkm,2026,5015.578357,177.0814285,0
geohydro,8,allkm,2026,6218.13995,216.4517641,0
geohydro,9,allkm,2026,8529.385892,277.5722013,0
geohydro,10,allkm,2026,14935.31612,458.7108908,0
egs,1,allkm,2027,4437.562849,143.886248,0
egs,2,allkm,2027,4995.125443,159.4843624,0
egs,3,allkm,2027,5263.799622,169.7525537,0
egs,4,allkm,2027,5572.628694,181.6865819,0
egs,5,allkm,2027,6389.25202,205.5591091,0
egs,6,allkm,2027,7563.151784,240.0543494,0
egs,7,allkm,2027,7829.673649,224.8357802,0
egs,8,allkm,2027,9784.480834,280.3009077,0
egs,9,allkm,2027,12875.19334,370.5047838,0
egs,10,allkm,2027,17101.81117,495.4474087,0
egs,1,nearfield,2027,3263.073053,124.2552378,0
egs,2,nearfield,2027,3325.226682,127.7965037,0
egs,3,nearfield,2027,3868.340008,142.5309546,0
egs,4,nearfield,2027,4052.536706,152.9869522,0
egs,5,nearfield,2027,4160.39017,159.2214156,0
egs,6,nearfield,2027,5093.617257,194.3367272,0
egs,7,nearfield,2027,6394.424411,216.0374701,0
egs,8,nearfield,2027,7081.181446,238.4980909,0
egs,9,nearfield,2027,8890.522874,292.0669028,0
egs,10,nearfield,2027,11822.44869,353.982671,0
geohydro,1,allkm,2027,2396.191213,97.93179996,0
geohydro,2,allkm,2027,2903.532242,111.2233491,0
geohydro,3,allkm,2027,3183.835668,118.8821365,0
geohydro,4,allkm,2027,3540.343381,128.5356574,0
geohydro,5,allkm,2027,3540.919606,131.6721165,0
geohydro,6,allkm,2027,4389.585176,157.5122532,0
geohydro,7,allkm,2027,4892.885598,173.6291109,0
geohydro,8,allkm,2027,6032.213691,211.1519833,0
geohydro,9,allkm,2027,8198.649383,269.1263442,0
geohydro,10,allkm,2027,14131.48354,439.8193751,0
egs,1,allkm,2028,4004.683711,137.912203,0
egs,2,allkm,2028,4504.971676,152.6090344,0
egs,3,allkm,2028,4769.810333,162.6502219,0
egs,4,allkm,2028,5076.607575,174.3885647,0
egs,5,allkm,2028,5822.033754,197.137603,0
egs,6,allkm,2028,6895.449962,230.043557,0
egs,7,allkm,2028,7143.557311,213.301525,0
egs,8,allkm,2028,8913.754636,264.8898036,0
egs,9,allkm,2028,11738.30364,349.7530129,0
egs,10,allkm,2028,15617.20433,467.8911527,0
egs,1,nearfield,2028,3057.396171,120.5668932,0
egs,2,nearfield,2028,3128.175765,124.1930859,0
egs,3,nearfield,2028,3625.32754,138.2458568,0
egs,4,nearfield,2028,3836.558115,149.0110215,0
egs,5,nearfield,2028,3960.62417,155.4516972,0
egs,6,nearfield,2028,4883.505108,190.2561752,0
egs,7,nearfield,2028,6034.115005,208.0180382,0
egs,8,nearfield,2028,6688.052028,229.6129759,0
egs,9,nearfield,2028,8386.089023,280.7660531,0
egs,10,nearfield,2028,11128.22599,342.1834713,0
geohydro,1,allkm,2028,2374.234409,97.45598187,0
geohydro,2,allkm,2028,2857.795249,110.4232384,0
geohydro,3,allkm,2028,3128.881653,117.9604282,0
geohydro,4,allkm,2028,3468.917702,127.3573737,0
geohydro,5,allkm,2028,3490.453026,130.7967348,0
geohydro,6,allkm,2028,4324.634842,156.4122612,0
geohydro,7,allkm,2028,4779.924973,170.1767932,0
geohydro,8,allkm,2028,5861.035323,205.8522025,0
geohydro,9,allkm,2028,7894.147285,260.6804871,0
geohydro,10,allkm,2028,13391.4119,420.9278594,0
egs,1,allkm,2029,3635.934876,131.9381581,0
egs,2,allkm,2029,4087.43335,145.7337065,0
egs,3,allkm,2029,4349.004711,155.5478901,0
egs,4,allkm,2029,4654.071135,167.0905475,0
egs,5,allkm,2029,5338.847904,188.716097,0
egs,6,allkm,2029,6326.667022,220.0327646,0
egs,7,allkm,2029,6562.757482,201.7672698,0
egs,8,allkm,2029,8176.681927,249.4786996,0
egs,9,allkm,2029,10775.92262,329.0012419,0
egs,10,allkm,2029,14360.47956,440.3348966,0
egs,1,nearfield,2029,2874.917877,116.8785486,0
egs,2,nearfield,2029,2953.350501,120.5896681,0
egs,3,nearfield,2029,3409.724793,133.960759,0
egs,4,nearfield,2029,3644.940055,145.0350909,0
egs,5,nearfield,2029,3783.390061,151.6819788,0
egs,6,nearfield,2029,4697.091807,186.1756232,0
egs,7,nearfield,2029,5719.416078,199.9986064,0
egs,8,nearfield,2029,6344.687674,220.7278609,0
egs,9,nearfield,2029,7945.509928,269.4652035,0
egs,10,nearfield,2029,10521.88284,330.3842716,0
geohydro,1,allkm,2029,2353.515323,96.98016378,0
geohydro,2,allkm,2029,2814.636476,109.6231277,0
geohydro,3,allkm,2029,3077.025427,117.0387198,0
geohydro,4,allkm,2029,3401.518328,126.17909,0
geohydro,5,allkm,2029,3442.831276,129.9213532,0
geohydro,6,allkm,2029,4263.345794,155.3122693,0
geohydro,7,allkm,2029,4675.478488,166.7244755,0
geohydro,8,allkm,2029,5702.759119,200.5524217,0
geohydro,9,allkm,2029,7612.596312,252.23463,0
geohydro,10,allkm,2029,12707.12141,402.0363436,0
egs,1,allkm,2030,3317.23905,125.9641132,0
egs,2,allkm,2030,3726.570592,138.8583786,0
egs,3,allkm,2030,3985.318151,148.4455583,0
egs,4,allkm,2030,4288.888694,159.7925303,0
egs,5,allkm,2030,4921.248446,180.2945909,0
egs,6,allkm,2030,5835.089201,210.0219722,0
egs,7,allkm,2030,6063.393288,190.2330146,0
egs,8,allkm,2030,7542.95633,234.0675956,0
egs,9,allkm,2030,9948.479843,308.249471,0
egs,10,allkm,2030,13279.96383,412.7786406,0
egs,1,nearfield,2030,2711.682463,113.190204,0
egs,2,nearfield,2030,2796.961082,116.9862503,0
egs,3,nearfield,2030,3216.858,129.6756612,0
egs,4,nearfield,2030,3473.528692,141.0591602,0
egs,5,nearfield,2030,3624.845818,147.9122604,0
egs,6,nearfield,2030,4530.336345,182.0950712,0
egs,7,nearfield,2030,5441.667728,191.9791746,0
egs,8,nearfield,2030,6041.639666,211.8427458,0
egs,9,nearfield,2030,7556.66171,258.1643538,0
egs,10,nearfield,2030,9986.733859,318.5850719,0
geohydro,1,allkm,2030,2333.922267,96.50434568,0
geohydro,2,allkm,2030,2773.823276,108.823017,0
geohydro,3,allkm,2030,3027.987458,116.1170115,0
geohydro,4,allkm,2030,3337.781943,125.0008064,0
geohydro,5,allkm,2030,3397.79765,129.0459716,0
geohydro,6,allkm,2030,4205.387654,154.2122773,0
geohydro,7,allkm,2030,4578.531121,163.2721578,0
geohydro,8,allkm,2030,5555.846934,195.2526409,0
geohydro,9,allkm,2030,7351.26032,243.7887728,0
geohydro,10,allkm,2030,12071.96206,383.1448279,0
egs,1,allkm,2031,3038.458721,119.9900683,0
egs,2,allkm,2031,3410.904586,131.9830507,0
egs,3,allkm,2031,3667.182015,141.3432264,0
egs,4,allkm,2031,3969.44403,152.4945131,0
egs,5,allkm,2031,4555.951806,171.8730849,0
egs,6,allkm,2031,5405.079719,200.0111798,0
egs,7,allkm,2031,5628.470384,178.6987594,0
egs,8,allkm,2031,6991.010914,218.6564916,0
egs,9,allkm,2031,9227.815807,287.4977,0
egs,10,allkm,2031,12338.88506,385.2223846,0
egs,1,nearfield,2031,2564.609224,109.5018594,0
egs,2,nearfield,2031,2656.056007,113.3828325,0
egs,3,nearfield,2031,3043.087227,125.3905635,0
egs,4,nearfield,2031,3319.089016,137.0832296,0
egs,5,nearfield,2031,3481.99927,144.142542,0
egs,6,nearfield,2031,4380.091582,178.0145192,0
egs,7,nearfield,2031,5194.328388,183.9597427,0
egs,8,nearfield,2031,5771.770578,202.9576308,0
egs,9,nearfield,2031,7210.386165,246.8635041,0
egs,10,nearfield,2031,9510.17515,306.7858722,0
geohydro,1,allkm,2031,2315.357156,96.02852759,0
geohydro,2,allkm,2031,2735.151327,108.0229063,0
geohydro,3,allkm,2031,2981.522251,115.1953032,0
geohydro,4,allkm,2031,3277.389467,123.8225227,0
geohydro,5,allkm,2031,3355.126699,128.17059,0
geohydro,6,allkm,2031,4150.470269,153.1122853,0
geohydro,7,allkm,2031,4488.229334,159.8198402,0
geohydro,8,allkm,2031,5419.005335,189.9528601,0
geohydro,9,allkm,2031,7107.838477,235.3429157,0
geohydro,10,allkm,2031,11480.34182,364.2533122,0
egs,1,allkm,2032,2792.089802,114.0160234,0
egs,2,allkm,2032,3131.938374,125.1077228,0
egs,3,allkm,2032,3386.032852,134.2408946,0
egs,4,allkm,2032,3687.138471,145.1964959,0
egs,5,allkm,2032,4233.12509,163.4515788,0
egs,6,allkm,2032,5025.063771,190.0003874,0
egs,7,allkm,2032,5245.533237,167.1645042,0
egs,8,allkm,2032,6505.038802,203.2453876,0
egs,9,allkm,2032,8593.291787,266.745929,0
egs,10,allkm,2032,11510.29219,357.6661286,0
egs,1,nearfield,2032,2431.259655,105.8135148,0
egs,2,nearfield,2032,2528.299038,109.7794147,0
egs,3,nearfield,2032,2885.531318,121.1054657,0
egs,4,nearfield,2032,3179.060385,133.107299,0
egs,5,nearfield,2032,3352.48199,140.3728236,0
egs,6,nearfield,2032,4243.866429,173.9339672,0
egs,7,nearfield,2032,4972.355332,175.9403109,0
egs,8,nearfield,2032,5529.578348,194.0725158,0
egs,9,nearfield,2032,6899.623465,235.5626545,0
egs,10,nearfield,2032,9082.490685,294.9866725,0
geohydro,1,allkm,2032,2297.733442,95.5527095,0
geohydro,2,allkm,2032,2698.440353,107.2227956,0
geohydro,3,allkm,2032,2937.413198,114.2735948,0
geohydro,4,allkm,2032,3220.059369,122.644239,0
geohydro,5,allkm,2032,3314.619504,127.2952084,0
geohydro,6,allkm,2032,4098.337632,152.0122934,0
geohydro,7,allkm,2032,4403.849505,156.3675225,0
geohydro,8,allkm,2032,5291.137757,184.6530793,0
geohydro,9,allkm,2032,6880.380147,226.8970586,0
geohydro,10,allkm,2032,10927.51982,345.3617964,0
egs,1,allkm,2033,2572.446966,108.0419784,0
egs,2,allkm,2033,2883.234396,118.2323949,0
egs,3,allkm,2033,3135.382731,127.1385628,0
egs,4,allkm,2033,3435.457399,137.8984787,0
egs,5,allkm,2033,3945.318593,155.0300728,0
egs,6,allkm,2033,4686.271927,179.989595,0
egs,7,allkm,2033,4905.224222,155.630249,0
egs,8,allkm,2033,6073.164558,187.8342836,0
egs,9,allkm,2033,8029.402266,245.9941581,0
egs,10,allkm,2033,10773.93735,330.1098726,0
egs,1,nearfield,2033,2309.675894,102.1251702,0
egs,2,nearfield,2033,2411.814427,106.1759969,0
egs,3,nearfield,2033,2741.877011,116.8203679,0
egs,4,nearfield,2033,3051.386875,129.1313683,0
egs,5,nearfield,2033,3234.392386,136.6031052,0
egs,6,nearfield,2033,4119.660806,169.8534152,0
egs,7,nearfield,2033,4771.792451,167.9208791,0
egs,8,nearfield,2033,5310.746511,185.1874008,0
egs,9,nearfield,2033,6618.835051,224.2618048,0
egs,10,nearfield,2033,8696.058069,283.1874728,0
geohydro,1,allkm,2033,2280.974437,95.0768914,0
geohydro,2,allkm,2033,2663.530604,106.4226849,0
geohydro,3,allkm,2033,2895.468359,113.3518865,0
geohydro,4,allkm,2033,3165.542176,121.4659554,0
geohydro,5,allkm,2033,3276.099796,126.4198268,0
geohydro,6,allkm,2033,4048.762886,150.9123014,0
geohydro,7,allkm,2033,4324.773574,152.9152048,0
geohydro,8,allkm,2033,5171.307606,179.3532985,0
geohydro,9,allkm,2033,6667.219262,218.4512015,0
geohydro,10,allkm,2033,10409.44679,326.4702807,0
egs,1,allkm,2034,2375.136333,102.0679335,0
egs,2,allkm,2034,2659.817415,111.357067,0
egs,3,allkm,2034,2910.217481,120.036231,0
egs,4,allkm,2034,3209.366021,130.6004615,0
egs,5,allkm,2034,3686.774845,146.6085667,0
egs,6,allkm,2034,4381.92677,169.9788026,0
egs,7,allkm,2034,4600.363426,144.0959938,0
egs,8,allkm,2034,5686.276406,172.4231795,0
egs,9,allkm,2034,7524.250181,225.2423871,0
egs,10,allkm,2034,10114.28475,302.5536166,0
egs,1,nearfield,2034,2198.266059,98.4368256,0
egs,2,nearfield,2034,2305.077054,102.5725791,0
egs,3,nearfield,2034,2610.243457,112.5352701,0
egs,4,nearfield,2034,2934.396871,125.1554377,0
egs,5,nearfield,2034,3126.184323,132.8333868,0
egs,6,nearfield,2034,4005.848502,165.7728632,0
egs,7,nearfield,2034,4589.488206,159.9014472,0
egs,8,nearfield,2034,5111.836462,176.3022858,0
egs,9,nearfield,2034,6363.608762,212.9609551,0
egs,10,nearfield,2034,8344.805108,271.3882731,0
geohydro,1,allkm,2034,2265.011909,94.60107331,0
geohydro,2,allkm,2034,2630.279952,105.6225742,0
geohydro,3,allkm,2034,2855.51696,112.4301781,0
geohydro,4,allkm,2034,3113.615928,120.2876717,0
geohydro,5,allkm,2034,3239.410749,125.5444452,0
geohydro,6,allkm,2034,4001.544193,149.8123095,0
geohydro,7,allkm,2034,4250.470055,149.4628871,0
geohydro,8,allkm,2034,5058.709475,174.0535177,0
geohydro,9,allkm,2034,6466.923118,210.0053444,0
geohydro,10,allkm,2034,9922.640635,307.578765,0
egs,1,allkm,2035,2196.703165,96.09388859,0
egs,2,allkm,2035,2457.775595,104.4817391,0
egs,3,allkm,2035,2706.594655,112.9338992,0
egs,4,allkm,2035,3004.905672,123.3024444,0
egs,5,allkm,2035,3452.966969,138.1870607,0
egs,6,allkm,2035,4106.699482,159.9680102,0
egs,7,allkm,2035,4325.340893,132.5617386,0
egs,8,allkm,2035,5337.254948,157.0120755,0
egs,9,allkm,2035,7068.539878,204.4906162,0
egs,10,allkm,2035,9519.195683,274.9973606,0
egs,1,nearfield,2035,2095.721223,94.748481,0
egs,2,nearfield,2035,2206.832887,98.96916127,0
egs,3,nearfield,2035,2489.084125,108.2501723,0
egs,4,nearfield,2035,2826.715886,121.179507,0
egs,5,nearfield,2035,3026.58649,129.0636684,0
egs,6,nearfield,2035,3901.092364,161.6923112,0
egs,7,nearfield,2035,4422.897904,151.8820154,0
egs,8,nearfield,2035,4930.071713,167.4171708,0
egs,9,nearfield,2035,6130.382023,201.6601055,0
egs,10,nearfield,2035,8023.828835,259.5890734,0
geohydro,1,allkm,2035,2249.784922,94.12525522,0
geohydro,2,allkm,2035,2598.561464,104.8224635,0
geohydro,3,allkm,2035,2817.406491,111.5084698,0
geohydro,4,allkm,2035,3064.082402,119.1093881,0
geohydro,5,allkm,2035,3204.412305,124.6690636,0
geohydro,6,allkm,2035,3956.501302,148.7123175,0
geohydro,7,allkm,2035,4180.479048,146.0105695,0
geohydro,8,allkm,2035,4952.646444,168.7537369,0
geohydro,9,allkm,2035,6278.251991,201.5594872,0
geohydro,10,allkm,2035,9464.088295,288.6872492,0
egs,1,allkm,2036,2185.719649,96.09388859,0
egs,2,allkm,2036,2445.486717,104.4817391,0
egs,3,allkm,2036,2693.061681,112.9338992,0
egs,4,allkm,2036,2989.881144,123.3024444,0
egs,5,allkm,2036,3435.702134,138.1870607,0
egs,6,allkm,2036,4086.165985,159.9680102,0
egs,7,allkm,2036,4303.714189,132.5617386,0
egs,8,allkm,2036,5310.568673,157.0120755,0
egs,9,allkm,2036,7033.197178,204.4906162,0
egs,10,allkm,2036,9471.599704,274.9973606,0
egs,1,nearfield,2036,2085.242617,94.748481,0
egs,2,nearfield,2036,2195.798722,98.96916127,0
egs,3,nearfield,2036,2476.638705,108.2501723,0
egs,4,nearfield,2036,2812.582306,121.179507,0
egs,5,nearfield,2036,3011.453557,129.0636684,0
egs,6,nearfield,2036,3881.586902,161.6923112,0
egs,7,nearfield,2036,4400.783414,151.8820154,0
egs,8,nearfield,2036,4905.421354,167.4171708,0
egs,9,nearfield,2036,6099.730113,201.6601055,0
egs,10,nearfield,2036,7983.709691,259.5890734,0
geohydro,1,allkm,2036,2238.535997,94.12525522,0
geohydro,2,allkm,2036,2585.568657,104.8224635,0
geohydro,3,allkm,2036,2803.319458,111.5084698,0
geohydro,4,allkm,2036,3048.76199,119.1093881,0
geohydro,5,allkm,2036,3188.390243,124.6690636,0
geohydro,6,allkm,2036,3936.718796,148.7123175,0
geohydro,7,allkm,2036,4159.576653,146.0105695,0
geohydro,8,allkm,2036,4927.883211,168.7537369,0
geohydro,9,allkm,2036,6246.860731,201.5594872,0
geohydro,10,allkm,2036,9416.767854,288.6872492,0
egs,1,allkm,2037,2174.791051,96.09388859,0
egs,2,allkm,2037,2433.259283,104.4817391,0
egs,3,allkm,2037,2679.596373,112.9338992,0
egs,4,allkm,2037,2974.931738,123.3024444,0
egs,5,allkm,2037,3418.523624,138.1870607,0
egs,6,allkm,2037,4065.735155,159.9680102,0
egs,7,allkm,2037,4282.195618,132.5617386,0
egs,8,allkm,2037,5284.01583,157.0120755,0
egs,9,allkm,2037,6998.031192,204.4906162,0
egs,10,allkm,2037,9424.241706,274.9973606,0
egs,1,nearfield,2037,2074.816404,94.748481,0
egs,2,nearfield,2037,2184.819729,98.96916127,0
egs,3,nearfield,2037,2464.255511,108.2501723,0
egs,4,nearfield,2037,2798.519395,121.179507,0
egs,5,nearfield,2037,2996.39629,129.0636684,0
egs,6,nearfield,2037,3862.178968,161.6923112,0
egs,7,nearfield,2037,4378.779497,151.8820154,0
egs,8,nearfield,2037,4880.894247,167.4171708,0
egs,9,nearfield,2037,6069.231463,201.6601055,0
egs,10,nearfield,2037,7943.791142,259.5890734,0
geohydro,1,allkm,2037,2227.343317,94.12525522,0
geohydro,2,allkm,2037,2572.640814,104.8224635,0
geohydro,3,allkm,2037,2789.302861,111.5084698,0
geohydro,4,allkm,2037,3033.51818,119.1093881,0
geohydro,5,allkm,2037,3172.448292,124.6690636,0
geohydro,6,allkm,2037,3917.035202,148.7123175,0
geohydro,7,allkm,2037,4138.77877,146.0105695,0
geohydro,8,allkm,2037,4903.243795,168.7537369,0
geohydro,9,allkm,2037,6215.626428,201.5594872,0
geohydro,10,allkm,2037,9369.684015,288.6872492,0
egs,1,allkm,2038,2163.917096,96.09388859,0
egs,2,allkm,2038,2421.092987,104.4817391,0
egs,3,allkm,2038,2666.198391,112.9338992,0
egs,4,allkm,2038,2960.05708,123.3024444,0
egs,5,allkm,2038,3401.431006,138.1870607,0
egs,6,allkm,2038,4045.406479,159.9680102,0
egs,7,allkm,2038,4260.78464,132.5617386,0
egs,8,allkm,2038,5257.59575,157.0120755,0
egs,9,allkm,2038,6963.041036,204.4906162,0
egs,10,allkm,2038,9377.120497,274.9973606,0
egs,1,nearfield,2038,2064.442322,94.748481,0
egs,2,nearfield,2038,2173.89563,98.96916127,0
egs,3,nearfield,2038,2451.934233,108.2501723,0
egs,4,nearfield,2038,2784.526798,121.179507,0
egs,5,nearfield,2038,2981.414308,129.0636684,0
egs,6,nearfield,2038,3842.868073,161.6923112,0
egs,7,nearfield,2038,4356.8856,151.8820154,0
egs,8,nearfield,2038,4856.489776,167.4171708,0
egs,9,nearfield,2038,6038.885305,201.6601055,0
egs,10,nearfield,2038,7904.072187,259.5890734,0
geohydro,1,allkm,2038,2216.206601,94.12525522,0
geohydro,2,allkm,2038,2559.77761,104.8224635,0
geohydro,3,allkm,2038,2775.356347,111.5084698,0
geohydro,4,allkm,2038,3018.350589,119.1093881,0
geohydro,5,allkm,2038,3156.586051,124.6690636,0
geohydro,6,allkm,2038,3897.450026,148.7123175,0
geohydro,7,allkm,2038,4118.084876,146.0105695,0
geohydro,8,allkm,2038,4878.727576,168.7537369,0
geohydro,9,allkm,2038,6184.548296,201.5594872,0
geohydro,10,allkm,2038,9322.835595,288.6872492,0
egs,1,allkm,2039,2153.09751,96.09388859,0
egs,2,allkm,2039,2408.987522,104.4817391,0
egs,3,allkm,2039,2652.867399,112.9338992,0
egs,4,allkm,2039,2945.256794,123.3024444,0
egs,5,allkm,2039,3384.423851,138.1870607,0
egs,6,allkm,2039,4025.179447,159.9680102,0
egs,7,allkm,2039,4239.480716,132.5617386,0
egs,8,allkm,2039,5231.307772,157.0120755,0
egs,9,allkm,2039,6928.225831,204.4906162,0
egs,10,allkm,2039,9330.234895,274.9973606,0
egs,1,nearfield,2039,2054.12011,94.748481,0
egs,2,nearfield,2039,2163.026152,98.96916127,0
egs,3,nearfield,2039,2439.674562,108.2501723,0
egs,4,nearfield,2039,2770.604164,121.179507,0
egs,5,nearfield,2039,2966.507237,129.0636684,0
egs,6,nearfield,2039,3823.653733,161.6923112,0
egs,7,nearfield,2039,4335.101172,151.8820154,0
egs,8,nearfield,2039,4832.207327,167.4171708,0
egs,9,nearfield,2039,6008.690879,201.6601055,0
egs,10,nearfield,2039,7864.551826,259.5890734,0
geohydro,1,allkm,2039,2205.125568,94.12525522,0
geohydro,2,allkm,2039,2546.978722,104.8224635,0
geohydro,3,allkm,2039,2761.479565,111.5084698,0
geohydro,4,allkm,2039,3003.258836,119.1093881,0
geohydro,5,allkm,2039,3140.80312,124.6690636,0
geohydro,6,allkm,2039,3877.962776,148.7123175,0
geohydro,7,allkm,2039,4097.494452,146.0105695,0
geohydro,8,allkm,2039,4854.333938,168.7537369,0
geohydro,9,allkm,2039,6153.625554,201.5594872,0
geohydro,10,allkm,2039,9276.221417,288.6872492,0
egs,1,allkm,2040,2142.332023,96.09388859,0
egs,2,allkm,2040,2396.942584,104.4817391,0
egs,3,allkm,2040,2639.603062,112.9338992,0
egs,4,allkm,2040,2930.53051,123.3024444,0
egs,5,allkm,2040,3367.501731,138.1870607,0
egs,6,allkm,2040,4005.053549,159.9680102,0
egs,7,allkm,2040,4218.283313,132.5617386,0
egs,8,allkm,2040,5205.151233,157.0120755,0
egs,9,allkm,2040,6893.584702,204.4906162,0
egs,10,allkm,2040,9283.58372,274.9973606,0
egs,1,nearfield,2040,2043.84951,94.748481,0
egs,2,nearfield,2040,2152.211021,98.96916127,0
egs,3,nearfield,2040,2427.476189,108.2501723,0
egs,4,nearfield,2040,2756.751143,121.179507,0
egs,5,nearfield,2040,2951.674701,129.0636684,0
egs,6,nearfield,2040,3804.535464,161.6923112,0
egs,7,nearfield,2040,4313.425666,151.8820154,0
egs,8,nearfield,2040,4808.046291,167.4171708,0
egs,9,nearfield,2040,5978.647424,201.6601055,0
egs,10,nearfield,2040,7825.229067,259.5890734,0
geohydro,1,allkm,2040,2194.09994,94.12525522,0
geohydro,2,allkm,2040,2534.243828,104.8224635,0
geohydro,3,allkm,2040,2747.672167,111.5084698,0
geohydro,4,allkm,2040,2988.242542,119.1093881,0
geohydro,5,allkm,2040,3125.099105,124.6690636,0
geohydro,6,allkm,2040,3858.572962,148.7123175,0
geohydro,7,allkm,2040,4077.006979,146.0105695,0
geohydro,8,allkm,2040,4830.062269,168.7537369,0
geohydro,9,allkm,2040,6122.857426,201.5594872,0
geohydro,10,allkm,2040,9229.840309,288.6872492,0
egs,1,allkm,2041,2131.620363,96.09388859,0
egs,2,allkm,2041,2384.957871,104.4817391,0
egs,3,allkm,2041,2626.405047,112.9338992,0
egs,4,allkm,2041,2915.877858,123.3024444,0
egs,5,allkm,2041,3350.664223,138.1870607,0
egs,6,allkm,2041,3985.028282,159.9680102,0
egs,7,allkm,2041,4197.191896,132.5617386,0
egs,8,allkm,2041,5179.125477,157.0120755,0
egs,9,allkm,2041,6859.116779,204.4906162,0
egs,10,allkm,2041,9237.165802,274.9973606,0
egs,1,nearfield,2041,2033.630262,94.748481,0
egs,2,nearfield,2041,2141.449966,98.96916127,0
egs,3,nearfield,2041,2415.338809,108.2501723,0
egs,4,nearfield,2041,2742.967387,121.179507,0
egs,5,nearfield,2041,2936.916327,129.0636684,0
egs,6,nearfield,2041,3785.512787,161.6923112,0
egs,7,nearfield,2041,4291.858538,151.8820154,0
egs,8,nearfield,2041,4784.006059,167.4171708,0
egs,9,nearfield,2041,5948.754187,201.6601055,0
egs,10,nearfield,2041,7786.102921,259.5890734,0
geohydro,1,allkm,2041,2183.12944,94.12525522,0
geohydro,2,allkm,2041,2521.572609,104.8224635,0
geohydro,3,allkm,2041,2733.933806,111.5084698,0
geohydro,4,allkm,2041,2973.301329,119.1093881,0
geohydro,5,allkm,2041,3109.473609,124.6690636,0
geohydro,6,allkm,2041,3839.280097,148.7123175,0
geohydro,7,allkm,2041,4056.621945,146.0105695,0
geohydro,8,allkm,2041,4805.911957,168.7537369,0
geohydro,9,allkm,2041,6092.243139,201.5594872,0
geohydro,10,allkm,2041,9183.691108,288.6872492,0
egs,1,allkm,2042,2120.962261,96.09388859,0
egs,2,allkm,2042,2373.033082,104.4817391,0
egs,3,allkm,2042,2613.273022,112.9338992,0
egs,4,allkm,2042,2901.298468,123.3024444,0
egs,5,allkm,2042,3333.910902,138.1870607,0
egs,6,allkm,2042,3965.10314,159.9680102,0
egs,7,allkm,2042,4176.205937,132.5617386,0
egs,8,allkm,2042,5153.229849,157.0120755,0
egs,9,allkm,2042,6824.821195,204.4906162,0
egs,10,allkm,2042,9190.979973,274.9973606,0
egs,1,nearfield,2042,2023.462111,94.748481,0
egs,2,nearfield,2042,2130.742716,98.96916127,0
egs,3,nearfield,2042,2403.262114,108.2501723,0
egs,4,nearfield,2042,2729.25255,121.179507,0
egs,5,nearfield,2042,2922.231745,129.0636684,0
egs,6,nearfield,2042,3766.585223,161.6923112,0
egs,7,nearfield,2042,4270.399245,151.8820154,0
egs,8,nearfield,2042,4760.086029,167.4171708,0
egs,9,nearfield,2042,5919.010416,201.6601055,0
egs,10,nearfield,2042,7747.172407,259.5890734,0
geohydro,1,allkm,2042,2172.213793,94.12525522,0
geohydro,2,allkm,2042,2508.964746,104.8224635,0
geohydro,3,allkm,2042,2720.264137,111.5084698,0
geohydro,4,allkm,2042,2958.434822,119.1093881,0
geohydro,5,allkm,2042,3093.926241,124.6690636,0
geohydro,6,allkm,2042,3820.083696,148.7123175,0
geohydro,7,allkm,2042,4036.338835,146.0105695,0
geohydro,8,allkm,2042,4781.882398,168.7537369,0
geohydro,9,allkm,2042,6061.781924,201.5594872,0
geohydro,10,allkm,2042,9137.772652,288.6872492,0
egs,1,allkm,2043,2110.35745,96.09388859,0
egs,2,allkm,2043,2361.167917,104.4817391,0
egs,3,allkm,2043,2600.206656,112.9338992,0
egs,4,allkm,2043,2886.791976,123.3024444,0
egs,5,allkm,2043,3317.241347,138.1870607,0
egs,6,allkm,2043,3945.277625,159.9680102,0
egs,7,allkm,2043,4155.324907,132.5617386,0
egs,8,allkm,2043,5127.4637,157.0120755,0
egs,9,allkm,2043,6790.697089,204.4906162,0
egs,10,allkm,2043,9145.025073,274.9973606,0
egs,1,nearfield,2043,2013.3448,94.748481,0
egs,2,nearfield,2043,2120.089002,98.96916127,0
egs,3,nearfield,2043,2391.245804,108.2501723,0
egs,4,nearfield,2043,2715.606288,121.179507,0
egs,5,nearfield,2043,2907.620587,129.0636684,0
egs,6,nearfield,2043,3747.752297,161.6923112,0
egs,7,nearfield,2043,4249.047249,151.8820154,0
egs,8,nearfield,2043,4736.285599,167.4171708,0
egs,9,nearfield,2043,5889.415364,201.6601055,0
egs,10,nearfield,2043,7708.436545,259.5890734,0
geohydro,1,allkm,2043,2161.352724,94.12525522,0
geohydro,2,allkm,2043,2496.419922,104.8224635,0
geohydro,3,allkm,2043,2706.662817,111.5084698,0
geohydro,4,allkm,2043,2943.642648,119.1093881,0
geohydro,5,allkm,2043,3078.45661,124.6690636,0
geohydro,6,allkm,2043,3800.983278,148.7123175,0
geohydro,7,allkm,2043,4016.157141,146.0105695,0
geohydro,8,allkm,2043,4757.972986,168.7537369,0
geohydro,9,allkm,2043,6031.473014,201.5594872,0
geohydro,10,allkm,2043,9092.083789,288.6872492,0
egs,1,allkm,2044,2099.805662,96.09388859,0
egs,2,allkm,2044,2349.362077,104.4817391,0
egs,3,allkm,2044,2587.205623,112.9338992,0
egs,4,allkm,2044,2872.358016,123.3024444,0
egs,5,allkm,2044,3300.65514,138.1870607,0
egs,6,allkm,2044,3925.551237,159.9680102,0
egs,7,allkm,2044,4134.548283,132.5617386,0
egs,8,allkm,2044,5101.826382,157.0120755,0
egs,9,allkm,2044,6756.743603,204.4906162,0
egs,10,allkm,2044,9099.299947,274.9973606,0
egs,1,nearfield,2044,2003.278076,94.748481,0
egs,2,nearfield,2044,2109.488557,98.96916127,0
egs,3,nearfield,2044,2379.289575,108.2501723,0
egs,4,nearfield,2044,2702.028256,121.179507,0
egs,5,nearfield,2044,2893.082484,129.0636684,0
egs,6,nearfield,2044,3729.013535,161.6923112,0
egs,7,nearfield,2044,4227.802012,151.8820154,0
egs,8,nearfield,2044,4712.604171,167.4171708,0
egs,9,nearfield,2044,5859.968287,201.6601055,0
egs,10,nearfield,2044,7669.894362,259.5890734,0
geohydro,1,allkm,2044,2150.54596,94.12525522,0
geohydro,2,allkm,2044,2483.937822,104.8224635,0
geohydro,3,allkm,2044,2693.129503,111.5084698,0
geohydro,4,allkm,2044,2928.924435,119.1093881,0
geohydro,5,allkm,2044,3063.064327,124.6690636,0
geohydro,6,allkm,2044,3781.978362,148.7123175,0
geohydro,7,allkm,2044,3996.076355,146.0105695,0
geohydro,8,allkm,2044,4734.183121,168.7537369,0
geohydro,9,allkm,2044,6001.315649,201.5594872,0
geohydro,10,allkm,2044,9046.62337,288.6872492,0
egs,1,allkm,2045,2089.306634,96.09388859,0
egs,2,allkm,2045,2337.615267,104.4817391,0
egs,3,allkm,2045,2574.269595,112.9338992,0
egs,4,allkm,2045,2857.996226,123.3024444,0
egs,5,allkm,2045,3284.151865,138.1870607,0
egs,6,allkm,2045,3905.92348,159.9680102,0
egs,7,allkm,2045,4113.875541,132.5617386,0
egs,8,allkm,2045,5076.31725,157.0120755,0
egs,9,allkm,2045,6722.959885,204.4906162,0
egs,10,allkm,2045,9053.803448,274.9973606,0
egs,1,nearfield,2045,1993.261686,94.748481,0
egs,2,nearfield,2045,2098.941115,98.96916127,0
egs,3,nearfield,2045,2367.393127,108.2501723,0
egs,4,nearfield,2045,2688.518115,121.179507,0
egs,5,nearfield,2045,2878.617071,129.0636684,0
egs,6,nearfield,2045,3710.368467,161.6923112,0
egs,7,nearfield,2045,4206.663002,151.8820154,0
egs,8,nearfield,2045,4689.04115,167.4171708,0
egs,9,nearfield,2045,5830.668446,201.6601055,0
egs,10,nearfield,2045,7631.54489,259.5890734,0
geohydro,1,allkm,2045,2139.793231,94.12525522,0
geohydro,2,allkm,2045,2471.518133,104.8224635,0
geohydro,3,allkm,2045,2679.663855,111.5084698,0
geohydro,4,allkm,2045,2914.279813,119.1093881,0
geohydro,5,allkm,2045,3047.749005,124.6690636,0
geohydro,6,allkm,2045,3763.06847,148.7123175,0
geohydro,7,allkm,2045,3976.095973,146.0105695,0
geohydro,8,allkm,2045,4710.512205,168.7537369,0
geohydro,9,allkm,2045,5971.309071,201.5594872,0
geohydro,10,allkm,2045,9001.390253,288.6872492,0
egs,1,allkm,2046,2078.860101,96.09388859,0
egs,2,allkm,2046,2325.92719,104.4817391,0
egs,3,allkm,2046,2561.398247,112.9338992,0
egs,4,allkm,2046,2843.706245,123.3024444,0
egs,5,allkm,2046,3267.731105,138.1870607,0
egs,6,allkm,2046,3886.393863,159.9680102,0
egs,7,allkm,2046,4093.306163,132.5617386,0
egs,8,allkm,2046,5050.935663,157.0120755,0
egs,9,allkm,2046,6689.345086,204.4906162,0
egs,10,allkm,2046,9008.53443,274.9973606,0
egs,1,nearfield,2046,1983.295378,94.748481,0
egs,2,nearfield,2046,2088.446409,98.96916127,0
egs,3,nearfield,2046,2355.556161,108.2501723,0
egs,4,nearfield,2046,2675.075524,121.179507,0
egs,5,nearfield,2046,2864.223986,129.0636684,0
egs,6,nearfield,2046,3691.816625,161.6923112,0
egs,7,nearfield,2046,4185.629687,151.8820154,0
egs,8,nearfield,2046,4665.595944,167.4171708,0
egs,9,nearfield,2046,5801.515104,201.6601055,0
egs,10,nearfield,2046,7593.387166,259.5890734,0
geohydro,1,allkm,2046,2129.094264,94.12525522,0
geohydro,2,allkm,2046,2459.160543,104.8224635,0
geohydro,3,allkm,2046,2666.265536,111.5084698,0
geohydro,4,allkm,2046,2899.708414,119.1093881,0
geohydro,5,allkm,2046,3032.51026,124.6690636,0
geohydro,6,allkm,2046,3744.253127,148.7123175,0
geohydro,7,allkm,2046,3956.215493,146.0105695,0
geohydro,8,allkm,2046,4686.959644,168.7537369,0
geohydro,9,allkm,2046,5941.452525,201.5594872,0
geohydro,10,allkm,2046,8956.383302,288.6872492,0
egs,1,allkm,2047,2068.4658,96.09388859,0
egs,2,allkm,2047,2314.297554,104.4817391,0
egs,3,allkm,2047,2548.591256,112.9338992,0
egs,4,allkm,2047,2829.487714,123.3024444,0
egs,5,allkm,2047,3251.39245,138.1870607,0
egs,6,allkm,2047,3866.961894,159.9680102,0
egs,7,allkm,2047,4072.839633,132.5617386,0
egs,8,allkm,2047,5025.680985,157.0120755,0
egs,9,allkm,2047,6655.89836,204.4906162,0
egs,10,allkm,2047,8963.491758,274.9973606,0
egs,1,nearfield,2047,1973.378901,94.748481,0
egs,2,nearfield,2047,2078.004177,98.96916127,0
egs,3,nearfield,2047,2343.778381,108.2501723,0
egs,4,nearfield,2047,2661.700147,121.179507,0
egs,5,nearfield,2047,2849.902866,129.0636684,0
egs,6,nearfield,2047,3673.357542,161.6923112,0
egs,7,nearfield,2047,4164.701539,151.8820154,0
egs,8,nearfield,2047,4642.267964,167.4171708,0
egs,9,nearfield,2047,5772.507528,201.6601055,0
egs,10,nearfield,2047,7555.42023,259.5890734,0
geohydro,1,allkm,2047,2118.448793,94.12525522,0
geohydro,2,allkm,2047,2446.86474,104.8224635,0
geohydro,3,allkm,2047,2652.934208,111.5084698,0
geohydro,4,allkm,2047,2885.209872,119.1093881,0
geohydro,5,allkm,2047,3017.347709,124.6690636,0
geohydro,6,allkm,2047,3725.531862,148.7123175,0
geohydro,7,allkm,2047,3936.434416,146.0105695,0
geohydro,8,allkm,2047,4663.524846,168.7537369,0
geohydro,9,allkm,2047,5911.745263,201.5594872,0
geohydro,10,allkm,2047,8911.601386,288.6872492,0
egs,1,allkm,2048,2058.123471,96.09388859,0
egs,2,allkm,2048,2302.726066,104.4817391,0
egs,3,allkm,2048,2535.8483,112.9338992,0
egs,4,allkm,2048,2815.340275,123.3024444,0
egs,5,allkm,2048,3235.135488,138.1870607,0
egs,6,allkm,2048,3847.627084,159.9680102,0
egs,7,allkm,2048,4052.475434,132.5617386,0
egs,8,allkm,2048,5000.55258,157.0120755,0
egs,9,allkm,2048,6622.618869,204.4906162,0
egs,10,allkm,2048,8918.6743,274.9973606,0
egs,1,nearfield,2048,1963.512006,94.748481,0
egs,2,nearfield,2048,2067.614156,98.96916127,0
egs,3,nearfield,2048,2332.059489,108.2501723,0
egs,4,nearfield,2048,2648.391646,121.179507,0
egs,5,nearfield,2048,2835.653352,129.0636684,0
egs,6,nearfield,2048,3654.990754,161.6923112,0
egs,7,nearfield,2048,4143.878031,151.8820154,0
egs,8,nearfield,2048,4619.056625,167.4171708,0
egs,9,nearfield,2048,5743.644991,201.6601055,0
egs,10,nearfield,2048,7517.643129,259.5890734,0
geohydro,1,allkm,2048,2107.856549,94.12525522,0
geohydro,2,allkm,2048,2434.630416,104.8224635,0
geohydro,3,allkm,2048,2639.669537,111.5084698,0
geohydro,4,allkm,2048,2870.783822,119.1093881,0
geohydro,5,allkm,2048,3002.26097,124.6690636,0
geohydro,6,allkm,2048,3706.904202,148.7123175,0
geohydro,7,allkm,2048,3916.752244,146.0105695,0
geohydro,8,allkm,2048,4640.207222,168.7537369,0
geohydro,9,allkm,2048,5882.186536,201.5594872,0
geohydro,10,allkm,2048,8867.043379,288.6872492,0
egs,1,allkm,2049,2047.832854,96.09388859,0
egs,2,allkm,2049,2291.212436,104.4817391,0
egs,3,allkm,2049,2523.169058,112.9338992,0
egs,4,allkm,2049,2801.263574,123.3024444,0
egs,5,allkm,2049,3218.95981,138.1870607,0
egs,6,allkm,2049,3828.388949,159.9680102,0
egs,7,allkm,2049,4032.213057,132.5617386,0
egs,8,allkm,2049,4975.549817,157.0120755,0
egs,9,allkm,2049,6589.505774,204.4906162,0
egs,10,allkm,2049,8874.080928,274.9973606,0
egs,1,nearfield,2049,1953.694446,94.748481,0
egs,2,nearfield,2049,2057.276085,98.96916127,0
egs,3,nearfield,2049,2320.399191,108.2501723,0
egs,4,nearfield,2049,2635.149688,121.179507,0
egs,5,nearfield,2049,2821.475085,129.0636684,0
egs,6,nearfield,2049,3636.7158,161.6923112,0
egs,7,nearfield,2049,4123.158641,151.8820154,0
egs,8,nearfield,2049,4595.961342,167.4171708,0
egs,9,nearfield,2049,5714.926766,201.6601055,0
egs,10,nearfield,2049,7480.054913,259.5890734,0
geohydro,1,allkm,2049,2097.317266,94.12525522,0
geohydro,2,allkm,2049,2422.457264,104.8224635,0
geohydro,3,allkm,2049,2626.471189,111.5084698,0
geohydro,4,allkm,2049,2856.429903,119.1093881,0
geohydro,5,allkm,2049,2987.249666,124.6690636,0
geohydro,6,allkm,2049,3688.369681,148.7123175,0
geohydro,7,allkm,2049,3897.168483,146.0105695,0
geohydro,8,allkm,2049,4617.006186,168.7537369,0
geohydro,9,allkm,2049,5852.775604,201.5594872,0
geohydro,10,allkm,2049,8822.708162,288.6872492,0
egs,1,allkm,2050,2037.59369,96.09388859,0
egs,2,allkm,2050,2279.756374,104.4817391,0
egs,3,allkm,2050,2510.553213,112.9338992,0
egs,4,allkm,2050,2787.257256,123.3024444,0
egs,5,allkm,2050,3202.865011,138.1870607,0
egs,6,allkm,2050,3809.247004,159.9680102,0
egs,7,allkm,2050,4012.051992,132.5617386,0
egs,8,allkm,2050,4950.672068,157.0120755,0
egs,9,allkm,2050,6556.558245,204.4906162,0
egs,10,allkm,2050,8829.710523,274.9973606,0
egs,1,nearfield,2050,1943.925974,94.748481,0
egs,2,nearfield,2050,2046.989705,98.96916127,0
egs,3,nearfield,2050,2308.797195,108.2501723,0
egs,4,nearfield,2050,2621.973939,121.179507,0
egs,5,nearfield,2050,2807.367709,129.0636684,0
egs,6,nearfield,2050,3618.532221,161.6923112,0
egs,7,nearfield,2050,4102.542848,151.8820154,0
egs,8,nearfield,2050,4572.981535,167.4171708,0
egs,9,nearfield,2050,5686.352132,201.6601055,0
egs,10,nearfield,2050,7442.654639,259.5890734,0
geohydro,1,allkm,2050,2086.83068,94.12525522,0
geohydro,2,allkm,2050,2410.344978,104.8224635,0
geohydro,3,allkm,2050,2613.338833,111.5084698,0
geohydro,4,allkm,2050,2842.147754,119.1093881,0
geohydro,5,allkm,2050,2972.313417,124.6690636,0
geohydro,6,allkm,2050,3669.927833,148.7123175,0
geohydro,7,allkm,2050,3877.68264,146.0105695,0
geohydro,8,allkm,2050,4593.921155,168.7537369,0
geohydro,9,allkm,2050,5823.511726,201.5594872,0
geohydro,10,allkm,2050,8778.594621,288.6872492,0